{
    "moran_i": 0.6007729307904754,
    "moran_p": 6.371744333261883e-66,
    "national_mean": 9.386472688832335
}